{
   "Items" : [
      {
         "camPos" : 0,
         "matrixD" : [
            0.13828100264072418,
            0.025172000750899315,
            -0.030962999910116196,
            0.0050189998000860214
         ],
         "matrixK" : [
            304.00711059570312,
            638.46905517578125,
            304.07843017578125,
            399.956298828125
         ],
         "matrixR" : [
            0.99961870908737183,
            -0.020154973492026329,
            0.018872963264584541,
            -0.00050969416042789817,
            -0.69686329364776611,
            -0.71720379590988159,
            0.027607100084424019,
            0.71692073345184326,
            -0.69660788774490356
         ],
         "vectT" : [ -0.62906122207641602, 1.5158607959747314, -0.045825667679309845 ]
      },
      {
         "camPos" : 1,
         "matrixD" : [
            0.13828100264072418,
            0.025172000750899315,
            -0.030962999910116196,
            0.0050189998000860214
         ],
         "matrixK" : [
            304.00711059570312,
            638.46905517578125,
            304.07843017578125,
            399.956298828125
         ],
         "matrixR" : [
            0.024077601730823517,
            -0.99963557720184326,
            0.012205565348267555,
            -0.43334582448005676,
            -0.02143862284719944,
            -0.90097266435623169,
            0.9009060263633728,
            0.016404028981924057,
            -0.43370410799980164
         ],
         "vectT" : [ -0.062840446829795837, 1.6644371747970581, -1.7993285655975342 ]
      },
      {
         "camPos" : 2,
         "matrixD" : [
            0.13828100264072418,
            0.025172000750899315,
            -0.030962999910116196,
            0.0050189998000860214
         ],
         "matrixK" : [
            304.00711059570312,
            638.46905517578125,
            304.07843017578125,
            399.956298828125
         ],
         "matrixR" : [
            -0.029491286724805832,
            0.99946677684783936,
            -0.014014600776135921,
            0.69170457124710083,
            0.010284696705639362,
            -0.72210735082626343,
            -0.72157812118530273,
            -0.030989836901426315,
            -0.69163906574249268
         ],
         "vectT" : [ -0.056888457387685776, 2.0882389545440674, -1.2640013694763184 ]
      },
      {
         "camPos" : 3,
         "matrixD" : [
            0.13828100264072418,
            0.025172000750899315,
            -0.030962999910116196,
            0.0050189998000860214
         ],
         "matrixK" : [
            304.00711059570312,
            638.46905517578125,
            304.07843017578125,
            399.956298828125
         ],
         "matrixR" : [
            -0.99883866310119629,
            -0.0040028402581810951,
            -0.048013709485530853,
            0.031743127852678299,
            0.69500851631164551,
            -0.718300461769104,
            0.036245178431272507,
            -0.71899038553237915,
            -0.69407427310943604
         ],
         "vectT" : [ 0.7005380392074585, 1.4796574115753174, -0.05005287379026413 ]
      }
   ]
}
